ID,firstName,lastName,email
1,Petty,Hoover,erat.volutpat.Nulla@elitAliquam.org
2,Bailey,Lowe,dolor.dolor@purus.org
3,Tucker,Lang,Phasellus.vitae.mauris@id.org
4,Wallace,Shepherd,vitae.risus@lacusvestibulumlorem.com
5,Franco,Moses,sit@urnaNullamlobortis.ca
6,Gould,Hendrix,Integer.vulputate.risus@nec.net
7,Shelton,Hansen,erat.volutpat@senectuset.net
8,Holman,Randall,congue.turpis@lobortisquispede.edu
9,Horton,Vazquez,vitae.risus.Duis@cursusnonegestas.co.uk
10,Hoffman,Moran,Integer.vulputate@sitametultricies.org
11,Gonzalez,Carr,risus.varius.orci@sem.edu
12,Hunter,Everett,ut.mi@Suspendisse.org
13,Olson,Sosa,vitae.sodales.at@urna.net
14,Potter,Potter,in.consequat.enim@nuncullamcorper.com
15,Bender,Berg,tristique.pharetra@Fuscefeugiat.edu
16,Simon,Barber,vitae@amet.ca
17,Valencia,Hayden,montes.nascetur.ridiculus@malesuada.com
18,Ramos,Salinas,Donec.fringilla@in.com
19,Sanford,Wyatt,Cras.interdum.Nunc@mauris.net
20,Sheppard,Nelson,Vestibulum.ante@laoreet.org
21,Knowles,Mosley,eget.odio.Aliquam@Duisami.ca
22,Moore,Copeland,elit.pretium.et@CurabiturmassaVestibulum.org
23,Bradley,Cortez,turpis.nec.mauris@nuncnulla.com
24,Alexander,Roth,In.at@tellusimperdiet.ca
25,Burks,Ballard,Sed.neque.Sed@loremacrisus.com
26,Curry,Knapp,pede.Suspendisse.dui@sempereratin.ca
27,Palmer,Ingram,rhoncus@Pellentesque.com
28,Matthews,Sawyer,aliquam@sollicitudinadipiscing.net
29,Vazquez,Battle,consectetuer.euismod@odiosemper.edu
30,Odom,Holmes,penatibus.et@sodalesnisi.net
